{
  "accuracy": 0.744,
  "precision": 0.7545454545454545,
  "recall": 0.9431818181818182,
  "f1_score": 0.8383838383838383,
  "roc_auc": 0.8531941031941032
}